"","Phylum","Season - P","Season - EtaSq","Winter vs Spring","Winter vs Summer","Winter vs Autumn","Spring vs Summer","Spring vs Autumn","Summer vs Autumn"
"1","Ascomycota",1.11589933049795e-08,0.327658056383948,0.0347636273151361,0.0307278422498611,0.708942692737492,0.000412755841040937,0.068531075324144,0.308608747016501
"2","Basidiomycota",0.000279102322179175,0.282204555076411,0.0202747706391364,0.00737597506992653,0.708942692737492,0.000100402876631684,0.0538810712481903,0.146618887603519
