"","Phylum","Season - P","Season - EtaSq","Winter vs Spring","Winter vs Summer","Winter vs Autumn","Spring vs Summer","Spring vs Autumn","Summer vs Autumn"
"1","Ascomycota",0.0548994584617061,0.0829362385394239,0.00418615392220024,0.000782938217891119,0.221072490664723,8.59744481757151e-06,0.00390935674673959,0.387369325469115
"2","Basidiomycota",0.0253279922573494,0.0829362385394239,0.00258774080436965,0.00040990273837603,0.221072490664723,8.59744481757151e-06,0.00390935674673959,0.167574416461706
