"","Phylum","Winter","Spring","Estimate diff.","low CI","high CI","Winter","Summer","Estimate diff.","low CI","high CI","Winter","Autumn","Estimate diff.","low CI","high CI","Spring","Summer","Estimate diff.","low CI","high CI","Spring","Autumn","Estimate diff.","low CI","high CI","Summer","Autumn","Estimate diff.","low CI","high CI"
"1","Ascomycota",83.90787993717,77.0911733799018,-7.11491258107651,-12.9638603739293,-0.720558185178739,83.90787993717,89.8316240238812,4.3490069382625,0.514308581085871,9.06786429444497,83.90787993717,80.0642519725166,1.50559702091277,-6.80751438659054,6.74394073279789,77.0911733799018,89.8316240238812,-12.6390199241937,-17.9904287448664,-5.86225418872333,77.0911733799018,80.0642519725166,7.01914043762704,-1.01659192273076,15.2613008680181,89.8316240238812,80.0642519725166,-2.82611067397868,-11.6151040722153,1.35387078363341
"2","Basidiomycota",11.1093485692392,19.6592553131408,6.90016109412389,2.00581618396736,12.2026151671189,11.1093485692392,6.62434219725726,-4.89540319382076,-7.65540318221316,-1.70077154698967,11.1093485692392,16.2706721035506,-1.19950828929223,-5.60092485946432,4.8972732536552,19.6592553131408,6.62434219725726,11.2785479965251,6.003855447849,16.3917927453723,19.6592553131408,16.2706721035506,-7.11621930098454,-13.3754438854906,-0.957111991345208,6.62434219725726,16.2706721035506,3.07891696604179,-0.182940081408566,8.2813272668938
