"","Phylum","Winter","Spring","Estimate diff.","low CI","high CI","Winter","Summer","Estimate diff.","low CI","high CI","Winter","Autumn","Estimate diff.","low CI","high CI","Spring","Summer","Estimate diff.","low CI","high CI","Spring","Autumn","Estimate diff.","low CI","high CI","Summer","Autumn","Estimate diff.","low CI","high CI"
"1","Ascomycota",89.8169899277389,77.9447175979766,-9.04784484523186,-17.1930055838414,-3.14970912540758,89.8169899277389,95.4211834949714,5.45286265384129,2.29016067627469,8.36972739043389,89.8169899277389,85.7609710718945,2.57615378947987,-2.2428522327634,6.97282211901933,77.9447175979766,95.4211834949714,-14.3593749174593,-23.5103331518481,-9.25129488159468,77.9447175979766,85.7609710718945,11.3531368649559,4.11400593627647,18.6225034626121,95.4211834949714,85.7609710718945,-1.23071170263972,-8.05749303851541,1.15940854268261
"2","Basidiomycota",9.03969736251884,21.54503371569,9.67709390461782,4.16798633078046,18.0571531353011,9.03969736251884,3.55789700667242,-5.69394895104002,-8.26687419219267,-2.4374680446948,9.03969736251884,13.9193217108484,-2.24800039116399,-6.33191436680423,3.02317696959925,21.54503371569,3.55789700667242,14.7234934951987,9.78541655728012,24.4798318869156,21.54503371569,13.9193217108484,-11.1893639501548,-18.3956245007866,-4.35625004651309,3.55789700667242,13.9193217108484,1.32416108039942,-0.128749222107621,8.28140036374996
